{"cameraMode":{"drawMode":0,"name":"Shaded","section":"Shading Mode"},"sceneLighting":true,"audioPlay":false,"sceneViewState":{"showFog":true,"showMaterialUpdate":false,"showSkybox":true,"showFlares":true,"showImageEffects":true,"showParticleSystems":true},"in2DMode":false,"pivot":{"x":21.423667907714845,"y":-2.156304359436035,"z":3.313054323196411},"rotation":{"x":0.08554881066083908,"y":0.6493100523948669,"z":-0.07348529249429703,"w":0.752336859703064},"size":24.2552547454834,"orthographic":false}