{"cameraMode":{"drawMode":0,"name":"Shaded","section":"Shading Mode"},"sceneLighting":false,"audioPlay":false,"sceneViewState":{"showFog":true,"showMaterialUpdate":false,"showSkybox":false,"showFlares":true,"showImageEffects":true,"showParticleSystems":true},"in2DMode":false,"pivot":{"x":0.0,"y":0.18960300087928773,"z":-4.6193599700927737e-7},"rotation":{"x":0.004923657514154911,"y":0.9919754862785339,"z":-0.03767617046833038,"w":0.12192349135875702},"size":0.7821512222290039,"orthographic":false}